{
	"id": "galaxia",
	"name": "Galaxia", 
	"author": ["Andromeda"],
	"description": "Just a cute little mod I'm making! Currently only has 5 jokers, all related to each other in a Cavendish sorta way.", 
	"prefix": "glx", 
	"main_file": "Galaxia.lua", 
	"priority": 115, 
	"badge_colour": "400080", 
	"badge_text_colour": "00ffff", 
	"display_name": "GALAXIA", 
	"version": "0.0.3~REV1",
	"dependencies": [
		"Steamodded (>=1.*)",
		"Lovely (>=0.7.*)",
		"Talisman (>=2.1.*)",
		"Cryptid (>=0.5.*)",
]}